{"cameraMode":{"drawMode":0,"name":"Shaded","section":"Shading Mode"},"sceneLighting":false,"audioPlay":false,"sceneViewState":{"m_AlwaysRefresh":false,"showFog":true,"showSkybox":true,"showFlares":true,"showImageEffects":true,"showParticleSystems":true,"showVisualEffectGraphs":true,"m_FxEnabled":true},"in2DMode":false,"pivot":{"x":-0.04897681251168251,"y":-7.8507280349731449,"z":107.93547821044922},"rotation":{"x":0.14207661151885987,"y":-0.002243663417175412,"z":0.0032382311765104534,"w":0.990288496017456},"size":17.792621612548829,"orthographic":false}