{"cameraMode":{"drawMode":0,"name":"Shaded","section":"Shading Mode"},"sceneLighting":false,"audioPlay":false,"sceneViewState":{"m_AlwaysRefresh":false,"showFog":true,"showSkybox":true,"showFlares":true,"showImageEffects":true,"showParticleSystems":true,"showVisualEffectGraphs":true,"m_FxEnabled":true},"in2DMode":false,"pivot":{"x":34.97837829589844,"y":3.053245782852173,"z":71.66686248779297},"rotation":{"x":0.013044506311416626,"y":-0.14144857227802277,"z":-0.001957692438736558,"w":-0.9899745583534241},"size":1.2869962453842164,"orthographic":false}