{"cameraMode":{"drawMode":0,"name":"Shaded","section":"Shading Mode"},"sceneLighting":false,"audioPlay":false,"sceneViewState":{"m_AlwaysRefresh":false,"showFog":true,"showSkybox":true,"showFlares":true,"showImageEffects":true,"showParticleSystems":true,"showVisualEffectGraphs":true,"m_FxEnabled":true},"in2DMode":false,"pivot":{"x":34.93125915527344,"y":0.8856626749038696,"z":68.72454833984375},"rotation":{"x":0.024873577058315278,"y":0.38863706588745119,"z":-0.010494503192603588,"w":0.9210002422332764},"size":2.1650638580322267,"orthographic":false}